{
    "metrics": {
        "http_req_blocked": {
            "med": 0,
            "max": 37.1809,
            "p(90)": 0,
            "p(95)": 0,
            "avg": 0.925038650519031,
            "min": 0
        },
        "vus_max": {
            "max": 100,
            "value": 100,
            "min": 100
        },
        "http_reqs": {
            "rate": 93.24447640209767,
            "count": 2890
        },
        "http_req_duration{expected_response:true}": {
            "min": 1.3432,
            "med": 8.747150000000001,
            "max": 1081.7916,
            "p(90)": 101.69174999999996,
            "p(95)": 234.2639749999996,
            "avg": 59.292222975778685
        },
        "data_sent": {
            "rate": 17063.739181583875,
            "count": 528870
        },
        "iterations": {
            "rate": 93.24447640209767,
            "count": 2890
        },
        "http_req_tls_handshaking": {
            "p(90)": 0,
            "p(95)": 0,
            "avg": 0,
            "min": 0,
            "med": 0,
            "max": 0
        },
        "http_req_receiving": {
            "avg": 0.7566526989619394,
            "min": 0,
            "med": 0,
            "max": 54.5039,
            "p(90)": 1.3276499999999993,
            "p(95)": 2.9145099999999995
        },
        "http_req_failed": {
            "fails": 2890,
            "passes": 0,
            "value": 0
        },
        "vus": {
            "min": 2,
            "max": 100,
            "value": 2
        },
        "checks": {
            "passes": 2890,
            "fails": 0,
            "value": 1
        },
        "http_req_duration": {
            "p(95)": 234.2639749999996,
            "avg": 59.292222975778685,
            "min": 1.3432,
            "med": 8.747150000000001,
            "max": 1081.7916,
            "p(90)": 101.69174999999996
        },
        "http_req_waiting": {
            "min": 1.3432,
            "med": 8.35055,
            "max": 1080.6708,
            "p(90)": 98.67034,
            "p(95)": 231.5025249999999,
            "avg": 58.480441764705944
        },
        "data_received": {
            "count": 959480,
            "rate": 30957.166165496426
        },
        "http_req_sending": {
            "min": 0,
            "med": 0,
            "max": 6.9516,
            "p(90)": 0,
            "p(95)": 0.5304,
            "avg": 0.055128512110726696
        },
        "http_req_connecting": {
            "p(95)": 0,
            "avg": 0.13144397923875437,
            "min": 0,
            "med": 0,
            "max": 16.4973,
            "p(90)": 0
        },
        "iteration_duration": {
            "p(95)": 1234.7127149999997,
            "avg": 1061.463263702418,
            "min": 1001.8133,
            "med": 1009.7176,
            "max": 2108.3702,
            "p(90)": 1104.1135000000002
        }
    },
    "root_group": {
        "groups": {},
        "checks": {
                "status is 200": {
                    "id": "6210a8cd14cd70477eba5c5e4cb3fb5f",
                    "passes": 2890,
                    "fails": 0,
                    "name": "status is 200",
                    "path": "::status is 200"
                }
            },
        "name": "",
        "path": "",
        "id": "d41d8cd98f00b204e9800998ecf8427e"
    }
}